<?xml version="1.0" encoding="UTF-8" standalone="yes"?>
<addon id="plugin.video.bili" name="bilibili" version="0.0.8" provider-name="chen310">
  <requires>
    <import addon="xbmc.python" version="3.0.0"/>
    <import addon="script.module.xbmcswift2" version="2.4.0"/>
    <import addon="script.module.requests" version="2.12.4"/>
    <import addon="script.module.qrcode" version="5.3"/>
  </requires>
  <extension point="xbmc.python.pluginsource" library="addon.py">
    <provides>video</provides>
  </extension>
  <extension point="xbmc.service" library="service.py"/>
  <extension point="xbmc.addon.metadata">
    <platform>all</platform>
    <website>https://www.bilibili.com</website>
    <source>https://github.com/chen310/plugin.video.bili</source>
    <summary lang="en">Plugin for Bilibili</summary>
    <summary lang="zh_CN">哔哩哔哩插件</summary>
    <description lang="en">Bilibili</description>
    <description lang="zh_CN">哔哩哔哩</description>
    <assets>
      <icon>icon.jpg</icon>
    </assets>
  </extension>
</addon>
